{
  "_format": "hh-sol-cache-2",
  "files": {
    "D:\\Kamil\\Course\\buildspace\\my-wave-portal\\node_modules\\hardhat\\console.sol": {
      "lastModificationDate": 1648642176677,
      "contentHash": "cc4777addd464ea56fa35b1c45df0591",
      "sourceName": "hardhat/console.sol",
      "solcConfig": {
        "version": "0.8.0",
        "settings": {
          "optimizer": {
            "enabled": false,
            "runs": 200
          },
          "outputSelection": {
            "*": {
              "*": [
                "abi",
                "evm.bytecode",
                "evm.deployedBytecode",
                "evm.methodIdentifiers",
                "metadata"
              ],
              "": [
                "ast"
              ]
            }
          }
        }
      },
      "imports": [],
      "versionPragmas": [
        ">=0.4.22 <0.9.0"
      ],
      "artifacts": [
        "console"
      ]
    },
    "D:\\Kamil\\Course\\buildspace\\my-wave-portal\\contracts\\WavePortal.sol": {
      "lastModificationDate": 1648652520389,
      "contentHash": "2eed7d0896f6cb237438b5bb315a7a7b",
      "sourceName": "contracts/WavePortal.sol",
      "solcConfig": {
        "version": "0.8.0",
        "settings": {
          "optimizer": {
            "enabled": false,
            "runs": 200
          },
          "outputSelection": {
            "*": {
              "*": [
                "abi",
                "evm.bytecode",
                "evm.deployedBytecode",
                "evm.methodIdentifiers",
                "metadata"
              ],
              "": [
                "ast"
              ]
            }
          }
        }
      },
      "imports": [
        "hardhat/console.sol"
      ],
      "versionPragmas": [
        "^0.8.0"
      ],
      "artifacts": [
        "WavePortal"
      ]
    }
  }
}
